{"cameraMode":{"drawMode":0,"name":"Shaded","section":"Shading Mode"},"sceneLighting":true,"audioPlay":false,"sceneViewState":{"m_AlwaysRefresh":false,"showFog":true,"showSkybox":true,"showFlares":true,"showImageEffects":true,"showParticleSystems":true,"showVisualEffectGraphs":true,"m_FxEnabled":true},"in2DMode":false,"pivot":{"x":-2.9146344661712648,"y":1.7087782621383668,"z":-0.8713396787643433},"rotation":{"x":0.13456493616104127,"y":-0.7680913209915161,"z":0.17167796194553376,"w":0.6020447015762329},"size":5.384679317474365,"orthographic":false}