{"cameraMode":{"drawMode":0,"name":"Shaded","section":"Shading Mode"},"sceneLighting":true,"audioPlay":false,"sceneViewState":{"m_AlwaysRefresh":false,"showFog":true,"showSkybox":false,"showFlares":true,"showImageEffects":true,"showParticleSystems":true,"showVisualEffectGraphs":true,"m_FxEnabled":true},"in2DMode":false,"pivot":{"x":-0.2578105628490448,"y":-0.35495901107788088,"z":2.855659246444702},"rotation":{"x":0.1136457696557045,"y":0.04320420324802399,"z":-0.004946822766214609,"w":0.992572009563446},"size":5.819080352783203,"orthographic":false}